{"cameraMode":{"drawMode":0,"name":"Shaded","section":"Shading Mode"},"sceneLighting":true,"audioPlay":false,"sceneViewState":{"showFog":true,"showMaterialUpdate":false,"showSkybox":true,"showFlares":true,"showImageEffects":true,"showParticleSystems":true},"in2DMode":false,"pivot":{"x":0.9977717399597168,"y":-0.6588781476020813,"z":8.0027494430542},"rotation":{"x":-0.287614107131958,"y":0.031599145382642749,"z":-0.009494860656559468,"w":-0.9571778774261475},"size":22.0,"orthographic":false}