{"cameraMode":{"drawMode":0,"name":"Shaded","section":"Shading Mode"},"sceneLighting":true,"audioPlay":false,"sceneViewState":{"showFog":true,"showMaterialUpdate":false,"showSkybox":true,"showFlares":true,"showImageEffects":true,"showParticleSystems":true},"in2DMode":false,"pivot":{"x":-6.517165184020996,"y":-102.71324157714844,"z":114.80640411376953},"rotation":{"x":-0.3733738362789154,"y":0.026987090706825258,"z":-0.010867093689739704,"w":-0.9272247552871704},"size":169.40072631835938,"orthographic":false}