{"cameraMode":{"drawMode":0,"name":"Shaded","section":"Shading Mode"},"sceneLighting":true,"audioPlay":false,"sceneViewState":{"showFog":true,"showMaterialUpdate":false,"showSkybox":true,"showFlares":true,"showImageEffects":true,"showParticleSystems":true},"in2DMode":false,"pivot":{"x":-8.245085716247559,"y":4.7420125007629398,"z":-3.412630558013916},"rotation":{"x":-0.22514373064041139,"y":0.5140672326087952,"z":-0.14193923771381379,"w":-0.8154130578041077},"size":22.0,"orthographic":false}