{"cameraMode":{"drawMode":0,"name":"Shaded","section":"Shading Mode"},"sceneLighting":true,"audioPlay":false,"sceneViewState":{"showFog":true,"showMaterialUpdate":false,"showSkybox":true,"showFlares":true,"showImageEffects":true,"showParticleSystems":true},"in2DMode":false,"pivot":{"x":687.0006103515625,"y":447.1761169433594,"z":41.0},"rotation":{"x":-0.048700060695409778,"y":0.08529406785964966,"z":-0.004173983354121447,"w":-0.9951561689376831},"size":363.7346496582031,"orthographic":false}